[
{"nombre": "Aguascalientes","salarioMedio":"446"},
{"nombre": "Baja California","salarioMedio":"350"},
{"nombre": "Baja California Sur","salarioMedio":"399"},
{"nombre": "Campeche","salarioMedio":"397"},
{"nombre": "Coahuila de Zaragoza","salarioMedio":"423"},
{"nombre": "Colima","salarioMedio":"398"},
{"nombre": "Chiapas","salarioMedio":"423"},
{"nombre": "Chihuahua","salarioMedio":"371"},
{"nombre": "Ciudad de México","salarioMedio":"399"},
{"nombre": "Durango","salarioMedio":"446"},
{"nombre": "Guanajuato","salarioMedio":"868"},
{"nombre": "Guerrero","salarioMedio":"369"},
{"nombre": "Hidalgo","salarioMedio":"380"},
{"nombre": "Jalisco","salarioMedio":"794"},
{"nombre": "México","salarioMedio":"417"},
{"nombre": "Michoacán de Ocampo","salarioMedio":"645"},
{"nombre": "Morelos","salarioMedio":"405"},
{"nombre": "Nayarit","salarioMedio":"590"},
{"nombre": "Nuevo León","salarioMedio":"426"},
{"nombre": "Oaxaca","salarioMedio":"381"},
{"nombre": "Puebla","salarioMedio":"896"},
{"nombre": "Querétaro","salarioMedio":"374"},
{"nombre": "Quintana Roo","salarioMedio":"363"},
{"nombre": "San Luis Potosí","salarioMedio":"823"},
{"nombre": "Sinaloa","salarioMedio":"440"},
{"nombre": "Sonora","salarioMedio":"405"},
{"nombre": "Tabasco","salarioMedio":"388"},
{"nombre": "Tamaulipas","salarioMedio":"355"},
{"nombre": "Tlaxcala","salarioMedio":"407"},
{"nombre": "Veracruz de Ignacio de la Llave","salarioMedio":"965"},
{"nombre": "Yucatán","salarioMedio":"392"},
{"nombre": "Zacatecas","salarioMedio":"574"}
]
